image_id,split,sat_image_path,mask_path
100694,train,train/100694_sat.jpg,train/100694_mask.png
102122,train,train/102122_sat.jpg,train/102122_mask.png
10233,train,train/10233_sat.jpg,train/10233_mask.png
103665,train,train/103665_sat.jpg,train/103665_mask.png
103730,train,train/103730_sat.jpg,train/103730_mask.png
104113,train,train/104113_sat.jpg,train/104113_mask.png
10452,train,train/10452_sat.jpg,train/10452_mask.png
10901,train,train/10901_sat.jpg,train/10901_mask.png
111335,train,train/111335_sat.jpg,train/111335_mask.png
114433,train,train/114433_sat.jpg,train/114433_mask.png
114473,train,train/114473_sat.jpg,train/114473_mask.png
114577,train,train/114577_sat.jpg,train/114577_mask.png
115444,train,train/115444_sat.jpg,train/115444_mask.png
119012,train,train/119012_sat.jpg,train/119012_mask.png
119079,train,train/119079_sat.jpg,train/119079_mask.png
119,train,train/119_sat.jpg,train/119_mask.png
120245,train,train/120245_sat.jpg,train/120245_mask.png
120625,train,train/120625_sat.jpg,train/120625_mask.png
122104,train,train/122104_sat.jpg,train/122104_mask.png
122178,train,train/122178_sat.jpg,train/122178_mask.png
123172,train,train/123172_sat.jpg,train/123172_mask.png
124529,train,train/124529_sat.jpg,train/124529_mask.png
125510,train,train/125510_sat.jpg,train/125510_mask.png
125795,train,train/125795_sat.jpg,train/125795_mask.png
126796,train,train/126796_sat.jpg,train/126796_mask.png
127660,train,train/127660_sat.jpg,train/127660_mask.png
127976,train,train/127976_sat.jpg,train/127976_mask.png
129297,train,train/129297_sat.jpg,train/129297_mask.png
129298,train,train/129298_sat.jpg,train/129298_mask.png
131720,train,train/131720_sat.jpg,train/131720_mask.png
133209,train,train/133209_sat.jpg,train/133209_mask.png
133254,train,train/133254_sat.jpg,train/133254_mask.png
13415,train,train/13415_sat.jpg,train/13415_mask.png
134465,train,train/134465_sat.jpg,train/134465_mask.png
136252,train,train/136252_sat.jpg,train/136252_mask.png
137499,train,train/137499_sat.jpg,train/137499_mask.png
137806,train,train/137806_sat.jpg,train/137806_mask.png
139482,train,train/139482_sat.jpg,train/139482_mask.png
139581,train,train/139581_sat.jpg,train/139581_mask.png
140299,train,train/140299_sat.jpg,train/140299_mask.png
141685,train,train/141685_sat.jpg,train/141685_mask.png
142766,train,train/142766_sat.jpg,train/142766_mask.png
143353,train,train/143353_sat.jpg,train/143353_mask.png
143364,train,train/143364_sat.jpg,train/143364_mask.png
143794,train,train/143794_sat.jpg,train/143794_mask.png
147545,train,train/147545_sat.jpg,train/147545_mask.png
147716,train,train/147716_sat.jpg,train/147716_mask.png
148260,train,train/148260_sat.jpg,train/148260_mask.png
148381,train,train/148381_sat.jpg,train/148381_mask.png
149624,train,train/149624_sat.jpg,train/149624_mask.png
152569,train,train/152569_sat.jpg,train/152569_mask.png
154124,train,train/154124_sat.jpg,train/154124_mask.png
154626,train,train/154626_sat.jpg,train/154626_mask.png
155165,train,train/155165_sat.jpg,train/155165_mask.png
15573,train,train/15573_sat.jpg,train/15573_mask.png
156574,train,train/156574_sat.jpg,train/156574_mask.png
156951,train,train/156951_sat.jpg,train/156951_mask.png
157839,train,train/157839_sat.jpg,train/157839_mask.png
158163,train,train/158163_sat.jpg,train/158163_mask.png
159177,train,train/159177_sat.jpg,train/159177_mask.png
159280,train,train/159280_sat.jpg,train/159280_mask.png
159322,train,train/159322_sat.jpg,train/159322_mask.png
160037,train,train/160037_sat.jpg,train/160037_mask.png
161109,train,train/161109_sat.jpg,train/161109_mask.png
161838,train,train/161838_sat.jpg,train/161838_mask.png
162310,train,train/162310_sat.jpg,train/162310_mask.png
164029,train,train/164029_sat.jpg,train/164029_mask.png
16453,train,train/16453_sat.jpg,train/16453_mask.png
166293,train,train/166293_sat.jpg,train/166293_mask.png
166805,train,train/166805_sat.jpg,train/166805_mask.png
168514,train,train/168514_sat.jpg,train/168514_mask.png
170535,train,train/170535_sat.jpg,train/170535_mask.png
172307,train,train/172307_sat.jpg,train/172307_mask.png
172854,train,train/172854_sat.jpg,train/172854_mask.png
174980,train,train/174980_sat.jpg,train/174980_mask.png
176112,train,train/176112_sat.jpg,train/176112_mask.png
176225,train,train/176225_sat.jpg,train/176225_mask.png
176506,train,train/176506_sat.jpg,train/176506_mask.png
180902,train,train/180902_sat.jpg,train/180902_mask.png
181447,train,train/181447_sat.jpg,train/181447_mask.png
182027,train,train/182027_sat.jpg,train/182027_mask.png
182422,train,train/182422_sat.jpg,train/182422_mask.png
185522,train,train/185522_sat.jpg,train/185522_mask.png
185562,train,train/185562_sat.jpg,train/185562_mask.png
186739,train,train/186739_sat.jpg,train/186739_mask.png
192576,train,train/192576_sat.jpg,train/192576_mask.png
192602,train,train/192602_sat.jpg,train/192602_mask.png
192918,train,train/192918_sat.jpg,train/192918_mask.png
194156,train,train/194156_sat.jpg,train/194156_mask.png
195769,train,train/195769_sat.jpg,train/195769_mask.png
19627,train,train/19627_sat.jpg,train/19627_mask.png
200561,train,train/200561_sat.jpg,train/200561_mask.png
200589,train,train/200589_sat.jpg,train/200589_mask.png
20187,train,train/20187_sat.jpg,train/20187_mask.png
202277,train,train/202277_sat.jpg,train/202277_mask.png
204494,train,train/204494_sat.jpg,train/204494_mask.png
204562,train,train/204562_sat.jpg,train/204562_mask.png
207663,train,train/207663_sat.jpg,train/207663_mask.png
207743,train,train/207743_sat.jpg,train/207743_mask.png
208495,train,train/208495_sat.jpg,train/208495_mask.png
208695,train,train/208695_sat.jpg,train/208695_mask.png
209787,train,train/209787_sat.jpg,train/209787_mask.png
21023,train,train/21023_sat.jpg,train/21023_mask.png
210436,train,train/210436_sat.jpg,train/210436_mask.png
210473,train,train/210473_sat.jpg,train/210473_mask.png
210669,train,train/210669_sat.jpg,train/210669_mask.png
211316,train,train/211316_sat.jpg,train/211316_mask.png
211739,train,train/211739_sat.jpg,train/211739_mask.png
215525,train,train/215525_sat.jpg,train/215525_mask.png
217085,train,train/217085_sat.jpg,train/217085_mask.png
21717,train,train/21717_sat.jpg,train/21717_mask.png
218329,train,train/218329_sat.jpg,train/218329_mask.png
219555,train,train/219555_sat.jpg,train/219555_mask.png
219670,train,train/219670_sat.jpg,train/219670_mask.png
221278,train,train/221278_sat.jpg,train/221278_mask.png
225393,train,train/225393_sat.jpg,train/225393_mask.png
225945,train,train/225945_sat.jpg,train/225945_mask.png
226788,train,train/226788_sat.jpg,train/226788_mask.png
229383,train,train/229383_sat.jpg,train/229383_mask.png
232373,train,train/232373_sat.jpg,train/232373_mask.png
2334,train,train/2334_sat.jpg,train/2334_mask.png
233615,train,train/233615_sat.jpg,train/233615_mask.png
234269,train,train/234269_sat.jpg,train/234269_mask.png
235869,train,train/235869_sat.jpg,train/235869_mask.png
238322,train,train/238322_sat.jpg,train/238322_mask.png
239955,train,train/239955_sat.jpg,train/239955_mask.png
242583,train,train/242583_sat.jpg,train/242583_mask.png
244423,train,train/244423_sat.jpg,train/244423_mask.png
245846,train,train/245846_sat.jpg,train/245846_mask.png
246378,train,train/246378_sat.jpg,train/246378_mask.png
247179,train,train/247179_sat.jpg,train/247179_mask.png
24813,train,train/24813_sat.jpg,train/24813_mask.png
252743,train,train/252743_sat.jpg,train/252743_mask.png
253691,train,train/253691_sat.jpg,train/253691_mask.png
254565,train,train/254565_sat.jpg,train/254565_mask.png
255711,train,train/255711_sat.jpg,train/255711_mask.png
255876,train,train/255876_sat.jpg,train/255876_mask.png
255889,train,train/255889_sat.jpg,train/255889_mask.png
256189,train,train/256189_sat.jpg,train/256189_mask.png
257695,train,train/257695_sat.jpg,train/257695_mask.png
26261,train,train/26261_sat.jpg,train/26261_mask.png
262885,train,train/262885_sat.jpg,train/262885_mask.png
263576,train,train/263576_sat.jpg,train/263576_mask.png
264436,train,train/264436_sat.jpg,train/264436_mask.png
266,train,train/266_sat.jpg,train/266_mask.png
267065,train,train/267065_sat.jpg,train/267065_mask.png
267163,train,train/267163_sat.jpg,train/267163_mask.png
268881,train,train/268881_sat.jpg,train/268881_mask.png
269601,train,train/269601_sat.jpg,train/269601_mask.png
271245,train,train/271245_sat.jpg,train/271245_mask.png
271609,train,train/271609_sat.jpg,train/271609_mask.png
271941,train,train/271941_sat.jpg,train/271941_mask.png
273002,train,train/273002_sat.jpg,train/273002_mask.png
273274,train,train/273274_sat.jpg,train/273274_mask.png
27460,train,train/27460_sat.jpg,train/27460_mask.png
276761,train,train/276761_sat.jpg,train/276761_mask.png
276912,train,train/276912_sat.jpg,train/276912_mask.png
277049,train,train/277049_sat.jpg,train/277049_mask.png
2774,train,train/2774_sat.jpg,train/2774_mask.png
277644,train,train/277644_sat.jpg,train/277644_mask.png
277900,train,train/277900_sat.jpg,train/277900_mask.png
277994,train,train/277994_sat.jpg,train/277994_mask.png
280703,train,train/280703_sat.jpg,train/280703_mask.png
280861,train,train/280861_sat.jpg,train/280861_mask.png
282120,train,train/282120_sat.jpg,train/282120_mask.png
283326,train,train/283326_sat.jpg,train/283326_mask.png
28559,train,train/28559_sat.jpg,train/28559_mask.png
286339,train,train/286339_sat.jpg,train/286339_mask.png
28689,train,train/28689_sat.jpg,train/28689_mask.png
28935,train,train/28935_sat.jpg,train/28935_mask.png
291214,train,train/291214_sat.jpg,train/291214_mask.png
291781,train,train/291781_sat.jpg,train/291781_mask.png
293776,train,train/293776_sat.jpg,train/293776_mask.png
29419,train,train/29419_sat.jpg,train/29419_mask.png
294697,train,train/294697_sat.jpg,train/294697_mask.png
294978,train,train/294978_sat.jpg,train/294978_mask.png
296279,train,train/296279_sat.jpg,train/296279_mask.png
296368,train,train/296368_sat.jpg,train/296368_mask.png
298396,train,train/298396_sat.jpg,train/298396_mask.png
298817,train,train/298817_sat.jpg,train/298817_mask.png
299287,train,train/299287_sat.jpg,train/299287_mask.png
300626,train,train/300626_sat.jpg,train/300626_mask.png
300745,train,train/300745_sat.jpg,train/300745_mask.png
300967,train,train/300967_sat.jpg,train/300967_mask.png
303327,train,train/303327_sat.jpg,train/303327_mask.png
306486,train,train/306486_sat.jpg,train/306486_mask.png
307626,train,train/307626_sat.jpg,train/307626_mask.png
308959,train,train/308959_sat.jpg,train/308959_mask.png
309818,train,train/309818_sat.jpg,train/309818_mask.png
310419,train,train/310419_sat.jpg,train/310419_mask.png
311386,train,train/311386_sat.jpg,train/311386_mask.png
312676,train,train/312676_sat.jpg,train/312676_mask.png
315352,train,train/315352_sat.jpg,train/315352_mask.png
315848,train,train/315848_sat.jpg,train/315848_mask.png
316446,train,train/316446_sat.jpg,train/316446_mask.png
318338,train,train/318338_sat.jpg,train/318338_mask.png
321711,train,train/321711_sat.jpg,train/321711_mask.png
321724,train,train/321724_sat.jpg,train/321724_mask.png
322400,train,train/322400_sat.jpg,train/322400_mask.png
323581,train,train/323581_sat.jpg,train/323581_mask.png
324170,train,train/324170_sat.jpg,train/324170_mask.png
325354,train,train/325354_sat.jpg,train/325354_mask.png
326173,train,train/326173_sat.jpg,train/326173_mask.png
326238,train,train/326238_sat.jpg,train/326238_mask.png
329017,train,train/329017_sat.jpg,train/329017_mask.png
330838,train,train/330838_sat.jpg,train/330838_mask.png
331421,train,train/331421_sat.jpg,train/331421_mask.png
331533,train,train/331533_sat.jpg,train/331533_mask.png
331994,train,train/331994_sat.jpg,train/331994_mask.png
332354,train,train/332354_sat.jpg,train/332354_mask.png
33262,train,train/33262_sat.jpg,train/33262_mask.png
333661,train,train/333661_sat.jpg,train/333661_mask.png
334677,train,train/334677_sat.jpg,train/334677_mask.png
334811,train,train/334811_sat.jpg,train/334811_mask.png
335737,train,train/335737_sat.jpg,train/335737_mask.png
33573,train,train/33573_sat.jpg,train/33573_mask.png
337272,train,train/337272_sat.jpg,train/337272_mask.png
338111,train,train/338111_sat.jpg,train/338111_mask.png
338661,train,train/338661_sat.jpg,train/338661_mask.png
338798,train,train/338798_sat.jpg,train/338798_mask.png
340798,train,train/340798_sat.jpg,train/340798_mask.png
340898,train,train/340898_sat.jpg,train/340898_mask.png
343016,train,train/343016_sat.jpg,train/343016_mask.png
343215,train,train/343215_sat.jpg,train/343215_mask.png
34330,train,train/34330_sat.jpg,train/34330_mask.png
343425,train,train/343425_sat.jpg,train/343425_mask.png
34359,train,train/34359_sat.jpg,train/34359_mask.png
345134,train,train/345134_sat.jpg,train/345134_mask.png
345494,train,train/345494_sat.jpg,train/345494_mask.png
34567,train,train/34567_sat.jpg,train/34567_mask.png
347676,train,train/347676_sat.jpg,train/347676_mask.png
347725,train,train/347725_sat.jpg,train/347725_mask.png
3484,train,train/3484_sat.jpg,train/3484_mask.png
349442,train,train/349442_sat.jpg,train/349442_mask.png
350033,train,train/350033_sat.jpg,train/350033_mask.png
350328,train,train/350328_sat.jpg,train/350328_mask.png
351228,train,train/351228_sat.jpg,train/351228_mask.png
351271,train,train/351271_sat.jpg,train/351271_mask.png
351727,train,train/351727_sat.jpg,train/351727_mask.png
352808,train,train/352808_sat.jpg,train/352808_mask.png
354033,train,train/354033_sat.jpg,train/354033_mask.png
358314,train,train/358314_sat.jpg,train/358314_mask.png
358464,train,train/358464_sat.jpg,train/358464_mask.png
358591,train,train/358591_sat.jpg,train/358591_mask.png
361129,train,train/361129_sat.jpg,train/361129_mask.png
36183,train,train/36183_sat.jpg,train/36183_mask.png
362191,train,train/362191_sat.jpg,train/362191_mask.png
362274,train,train/362274_sat.jpg,train/362274_mask.png
365555,train,train/365555_sat.jpg,train/365555_mask.png
373103,train,train/373103_sat.jpg,train/373103_mask.png
373186,train,train/373186_sat.jpg,train/373186_mask.png
375563,train,train/375563_sat.jpg,train/375563_mask.png
37586,train,train/37586_sat.jpg,train/37586_mask.png
376441,train,train/376441_sat.jpg,train/376441_mask.png
37755,train,train/37755_sat.jpg,train/37755_mask.png
382428,train,train/382428_sat.jpg,train/382428_mask.png
383392,train,train/383392_sat.jpg,train/383392_mask.png
383637,train,train/383637_sat.jpg,train/383637_mask.png
384477,train,train/384477_sat.jpg,train/384477_mask.png
387018,train,train/387018_sat.jpg,train/387018_mask.png
387554,train,train/387554_sat.jpg,train/387554_mask.png
388811,train,train/388811_sat.jpg,train/388811_mask.png
392711,train,train/392711_sat.jpg,train/392711_mask.png
393043,train,train/393043_sat.jpg,train/393043_mask.png
394500,train,train/394500_sat.jpg,train/394500_mask.png
396979,train,train/396979_sat.jpg,train/396979_mask.png
397137,train,train/397137_sat.jpg,train/397137_mask.png
397351,train,train/397351_sat.jpg,train/397351_mask.png
397864,train,train/397864_sat.jpg,train/397864_mask.png
400179,train,train/400179_sat.jpg,train/400179_mask.png
40168,train,train/40168_sat.jpg,train/40168_mask.png
402002,train,train/402002_sat.jpg,train/402002_mask.png
402209,train,train/402209_sat.jpg,train/402209_mask.png
40350,train,train/40350_sat.jpg,train/40350_mask.png
403978,train,train/403978_sat.jpg,train/403978_mask.png
405378,train,train/405378_sat.jpg,train/405378_mask.png
405744,train,train/405744_sat.jpg,train/405744_mask.png
406425,train,train/406425_sat.jpg,train/406425_mask.png
407467,train,train/407467_sat.jpg,train/407467_mask.png
411741,train,train/411741_sat.jpg,train/411741_mask.png
412210,train,train/412210_sat.jpg,train/412210_mask.png
413779,train,train/413779_sat.jpg,train/413779_mask.png
416381,train,train/416381_sat.jpg,train/416381_mask.png
416463,train,train/416463_sat.jpg,train/416463_mask.png
416794,train,train/416794_sat.jpg,train/416794_mask.png
417313,train,train/417313_sat.jpg,train/417313_mask.png
418261,train,train/418261_sat.jpg,train/418261_mask.png
41944,train,train/41944_sat.jpg,train/41944_mask.png
419820,train,train/419820_sat.jpg,train/419820_mask.png
420066,train,train/420066_sat.jpg,train/420066_mask.png
420078,train,train/420078_sat.jpg,train/420078_mask.png
423117,train,train/423117_sat.jpg,train/423117_mask.png
424590,train,train/424590_sat.jpg,train/424590_mask.png
427037,train,train/427037_sat.jpg,train/427037_mask.png
427774,train,train/427774_sat.jpg,train/427774_mask.png
428327,train,train/428327_sat.jpg,train/428327_mask.png
428597,train,train/428597_sat.jpg,train/428597_mask.png
428841,train,train/428841_sat.jpg,train/428841_mask.png
430587,train,train/430587_sat.jpg,train/430587_mask.png
432089,train,train/432089_sat.jpg,train/432089_mask.png
434210,train,train/434210_sat.jpg,train/434210_mask.png
434243,train,train/434243_sat.jpg,train/434243_mask.png
435277,train,train/435277_sat.jpg,train/435277_mask.png
437963,train,train/437963_sat.jpg,train/437963_mask.png
43814,train,train/43814_sat.jpg,train/43814_mask.png
438721,train,train/438721_sat.jpg,train/438721_mask.png
439854,train,train/439854_sat.jpg,train/439854_mask.png
44070,train,train/44070_sat.jpg,train/44070_mask.png
442329,train,train/442329_sat.jpg,train/442329_mask.png
442338,train,train/442338_sat.jpg,train/442338_mask.png
443271,train,train/443271_sat.jpg,train/443271_mask.png
444902,train,train/444902_sat.jpg,train/444902_mask.png
449319,train,train/449319_sat.jpg,train/449319_mask.png
45357,train,train/45357_sat.jpg,train/45357_mask.png
454655,train,train/454655_sat.jpg,train/454655_mask.png
455374,train,train/455374_sat.jpg,train/455374_mask.png
45676,train,train/45676_sat.jpg,train/45676_mask.png
457070,train,train/457070_sat.jpg,train/457070_mask.png
457265,train,train/457265_sat.jpg,train/457265_mask.png
457982,train,train/457982_sat.jpg,train/457982_mask.png
458687,train,train/458687_sat.jpg,train/458687_mask.png
458776,train,train/458776_sat.jpg,train/458776_mask.png
461001,train,train/461001_sat.jpg,train/461001_mask.png
461755,train,train/461755_sat.jpg,train/461755_mask.png
462612,train,train/462612_sat.jpg,train/462612_mask.png
463855,train,train/463855_sat.jpg,train/463855_mask.png
467076,train,train/467076_sat.jpg,train/467076_mask.png
467855,train,train/467855_sat.jpg,train/467855_mask.png
468103,train,train/468103_sat.jpg,train/468103_mask.png
470446,train,train/470446_sat.jpg,train/470446_mask.png
470798,train,train/470798_sat.jpg,train/470798_mask.png
471187,train,train/471187_sat.jpg,train/471187_mask.png
471930,train,train/471930_sat.jpg,train/471930_mask.png
472774,train,train/472774_sat.jpg,train/472774_mask.png
476582,train,train/476582_sat.jpg,train/476582_mask.png
476991,train,train/476991_sat.jpg,train/476991_mask.png
479682,train,train/479682_sat.jpg,train/479682_mask.png
482365,train,train/482365_sat.jpg,train/482365_mask.png
483506,train,train/483506_sat.jpg,train/483506_mask.png
485061,train,train/485061_sat.jpg,train/485061_mask.png
491356,train,train/491356_sat.jpg,train/491356_mask.png
491491,train,train/491491_sat.jpg,train/491491_mask.png
491696,train,train/491696_sat.jpg,train/491696_mask.png
492365,train,train/492365_sat.jpg,train/492365_mask.png
495406,train,train/495406_sat.jpg,train/495406_mask.png
495876,train,train/495876_sat.jpg,train/495876_mask.png
496948,train,train/496948_sat.jpg,train/496948_mask.png
498049,train,train/498049_sat.jpg,train/498049_mask.png
499161,train,train/499161_sat.jpg,train/499161_mask.png
499266,train,train/499266_sat.jpg,train/499266_mask.png
499325,train,train/499325_sat.jpg,train/499325_mask.png
499418,train,train/499418_sat.jpg,train/499418_mask.png
499511,train,train/499511_sat.jpg,train/499511_mask.png
499600,train,train/499600_sat.jpg,train/499600_mask.png
501053,train,train/501053_sat.jpg,train/501053_mask.png
501284,train,train/501284_sat.jpg,train/501284_mask.png
501804,train,train/501804_sat.jpg,train/501804_mask.png
503968,train,train/503968_sat.jpg,train/503968_mask.png
504704,train,train/504704_sat.jpg,train/504704_mask.png
505217,train,train/505217_sat.jpg,train/505217_mask.png
507241,train,train/507241_sat.jpg,train/507241_mask.png
508571,train,train/508571_sat.jpg,train/508571_mask.png
508676,train,train/508676_sat.jpg,train/508676_mask.png
509290,train,train/509290_sat.jpg,train/509290_mask.png
511850,train,train/511850_sat.jpg,train/511850_mask.png
512669,train,train/512669_sat.jpg,train/512669_mask.png
513585,train,train/513585_sat.jpg,train/513585_mask.png
513968,train,train/513968_sat.jpg,train/513968_mask.png
514385,train,train/514385_sat.jpg,train/514385_mask.png
514414,train,train/514414_sat.jpg,train/514414_mask.png
515521,train,train/515521_sat.jpg,train/515521_mask.png
516056,train,train/516056_sat.jpg,train/516056_mask.png
516317,train,train/516317_sat.jpg,train/516317_mask.png
518833,train,train/518833_sat.jpg,train/518833_mask.png
51911,train,train/51911_sat.jpg,train/51911_mask.png
520614,train,train/520614_sat.jpg,train/520614_mask.png
524056,train,train/524056_sat.jpg,train/524056_mask.png
524518,train,train/524518_sat.jpg,train/524518_mask.png
525105,train,train/525105_sat.jpg,train/525105_mask.png
528163,train,train/528163_sat.jpg,train/528163_mask.png
530040,train,train/530040_sat.jpg,train/530040_mask.png
533948,train,train/533948_sat.jpg,train/533948_mask.png
533952,train,train/533952_sat.jpg,train/533952_mask.png
534154,train,train/534154_sat.jpg,train/534154_mask.png
536496,train,train/536496_sat.jpg,train/536496_mask.png
537221,train,train/537221_sat.jpg,train/537221_mask.png
538243,train,train/538243_sat.jpg,train/538243_mask.png
538922,train,train/538922_sat.jpg,train/538922_mask.png
53987,train,train/53987_sat.jpg,train/53987_mask.png
541060,train,train/541060_sat.jpg,train/541060_mask.png
541353,train,train/541353_sat.jpg,train/541353_mask.png
543806,train,train/543806_sat.jpg,train/543806_mask.png
544078,train,train/544078_sat.jpg,train/544078_mask.png
544464,train,train/544464_sat.jpg,train/544464_mask.png
544537,train,train/544537_sat.jpg,train/544537_mask.png
547080,train,train/547080_sat.jpg,train/547080_mask.png
547201,train,train/547201_sat.jpg,train/547201_mask.png
547785,train,train/547785_sat.jpg,train/547785_mask.png
548423,train,train/548423_sat.jpg,train/548423_mask.png
548686,train,train/548686_sat.jpg,train/548686_mask.png
549870,train,train/549870_sat.jpg,train/549870_mask.png
549959,train,train/549959_sat.jpg,train/549959_mask.png
550312,train,train/550312_sat.jpg,train/550312_mask.png
552001,train,train/552001_sat.jpg,train/552001_mask.png
552206,train,train/552206_sat.jpg,train/552206_mask.png
552396,train,train/552396_sat.jpg,train/552396_mask.png
55374,train,train/55374_sat.jpg,train/55374_mask.png
556452,train,train/556452_sat.jpg,train/556452_mask.png
556572,train,train/556572_sat.jpg,train/556572_mask.png
557175,train,train/557175_sat.jpg,train/557175_mask.png
557309,train,train/557309_sat.jpg,train/557309_mask.png
557439,train,train/557439_sat.jpg,train/557439_mask.png
559477,train,train/559477_sat.jpg,train/559477_mask.png
560353,train,train/560353_sat.jpg,train/560353_mask.png
561117,train,train/561117_sat.jpg,train/561117_mask.png
563092,train,train/563092_sat.jpg,train/563092_mask.png
565914,train,train/565914_sat.jpg,train/565914_mask.png
568270,train,train/568270_sat.jpg,train/568270_mask.png
56924,train,train/56924_sat.jpg,train/56924_mask.png
570332,train,train/570332_sat.jpg,train/570332_mask.png
570992,train,train/570992_sat.jpg,train/570992_mask.png
571520,train,train/571520_sat.jpg,train/571520_mask.png
572237,train,train/572237_sat.jpg,train/572237_mask.png
574789,train,train/574789_sat.jpg,train/574789_mask.png
575902,train,train/575902_sat.jpg,train/575902_mask.png
576417,train,train/576417_sat.jpg,train/576417_mask.png
577164,train,train/577164_sat.jpg,train/577164_mask.png
584663,train,train/584663_sat.jpg,train/584663_mask.png
584712,train,train/584712_sat.jpg,train/584712_mask.png
584865,train,train/584865_sat.jpg,train/584865_mask.png
584941,train,train/584941_sat.jpg,train/584941_mask.png
585043,train,train/585043_sat.jpg,train/585043_mask.png
586222,train,train/586222_sat.jpg,train/586222_mask.png
586670,train,train/586670_sat.jpg,train/586670_mask.png
586806,train,train/586806_sat.jpg,train/586806_mask.png
587968,train,train/587968_sat.jpg,train/587968_mask.png
588542,train,train/588542_sat.jpg,train/588542_mask.png
58864,train,train/58864_sat.jpg,train/58864_mask.png
58910,train,train/58910_sat.jpg,train/58910_mask.png
589940,train,train/589940_sat.jpg,train/589940_mask.png
591815,train,train/591815_sat.jpg,train/591815_mask.png
596837,train,train/596837_sat.jpg,train/596837_mask.png
599743,train,train/599743_sat.jpg,train/599743_mask.png
599842,train,train/599842_sat.jpg,train/599842_mask.png
599975,train,train/599975_sat.jpg,train/599975_mask.png
600230,train,train/600230_sat.jpg,train/600230_mask.png
601966,train,train/601966_sat.jpg,train/601966_mask.png
602453,train,train/602453_sat.jpg,train/602453_mask.png
603617,train,train/603617_sat.jpg,train/603617_mask.png
604647,train,train/604647_sat.jpg,train/604647_mask.png
604833,train,train/604833_sat.jpg,train/604833_mask.png
605037,train,train/605037_sat.jpg,train/605037_mask.png
605707,train,train/605707_sat.jpg,train/605707_mask.png
605764,train,train/605764_sat.jpg,train/605764_mask.png
606014,train,train/606014_sat.jpg,train/606014_mask.png
606370,train,train/606370_sat.jpg,train/606370_mask.png
606,train,train/606_sat.jpg,train/606_mask.png
607622,train,train/607622_sat.jpg,train/607622_mask.png
608673,train,train/608673_sat.jpg,train/608673_mask.png
609234,train,train/609234_sat.jpg,train/609234_mask.png
611015,train,train/611015_sat.jpg,train/611015_mask.png
612214,train,train/612214_sat.jpg,train/612214_mask.png
61245,train,train/61245_sat.jpg,train/61245_mask.png
613687,train,train/613687_sat.jpg,train/613687_mask.png
614561,train,train/614561_sat.jpg,train/614561_mask.png
615420,train,train/615420_sat.jpg,train/615420_mask.png
616234,train,train/616234_sat.jpg,train/616234_mask.png
616860,train,train/616860_sat.jpg,train/616860_mask.png
617844,train,train/617844_sat.jpg,train/617844_mask.png
618372,train,train/618372_sat.jpg,train/618372_mask.png
619800,train,train/619800_sat.jpg,train/619800_mask.png
620018,train,train/620018_sat.jpg,train/620018_mask.png
62078,train,train/62078_sat.jpg,train/62078_mask.png
621206,train,train/621206_sat.jpg,train/621206_mask.png
621459,train,train/621459_sat.jpg,train/621459_mask.png
621633,train,train/621633_sat.jpg,train/621633_mask.png
622733,train,train/622733_sat.jpg,train/622733_mask.png
623857,train,train/623857_sat.jpg,train/623857_mask.png
624916,train,train/624916_sat.jpg,train/624916_mask.png
625296,train,train/625296_sat.jpg,train/625296_mask.png
626208,train,train/626208_sat.jpg,train/626208_mask.png
626323,train,train/626323_sat.jpg,train/626323_mask.png
627583,train,train/627583_sat.jpg,train/627583_mask.png
627806,train,train/627806_sat.jpg,train/627806_mask.png
628479,train,train/628479_sat.jpg,train/628479_mask.png
629198,train,train/629198_sat.jpg,train/629198_mask.png
632489,train,train/632489_sat.jpg,train/632489_mask.png
634421,train,train/634421_sat.jpg,train/634421_mask.png
634717,train,train/634717_sat.jpg,train/634717_mask.png
635157,train,train/635157_sat.jpg,train/635157_mask.png
635841,train,train/635841_sat.jpg,train/635841_mask.png
636849,train,train/636849_sat.jpg,train/636849_mask.png
638158,train,train/638158_sat.jpg,train/638158_mask.png
638168,train,train/638168_sat.jpg,train/638168_mask.png
638937,train,train/638937_sat.jpg,train/638937_mask.png
639004,train,train/639004_sat.jpg,train/639004_mask.png
639149,train,train/639149_sat.jpg,train/639149_mask.png
639314,train,train/639314_sat.jpg,train/639314_mask.png
6399,train,train/6399_sat.jpg,train/6399_mask.png
641771,train,train/641771_sat.jpg,train/641771_mask.png
642909,train,train/642909_sat.jpg,train/642909_mask.png
644103,train,train/644103_sat.jpg,train/644103_mask.png
644150,train,train/644150_sat.jpg,train/644150_mask.png
645001,train,train/645001_sat.jpg,train/645001_mask.png
646596,train,train/646596_sat.jpg,train/646596_mask.png
649042,train,train/649042_sat.jpg,train/649042_mask.png
649260,train,train/649260_sat.jpg,train/649260_mask.png
650253,train,train/650253_sat.jpg,train/650253_mask.png
650751,train,train/650751_sat.jpg,train/650751_mask.png
651312,train,train/651312_sat.jpg,train/651312_mask.png
651537,train,train/651537_sat.jpg,train/651537_mask.png
65170,train,train/65170_sat.jpg,train/65170_mask.png
651774,train,train/651774_sat.jpg,train/651774_mask.png
652183,train,train/652183_sat.jpg,train/652183_mask.png
652733,train,train/652733_sat.jpg,train/652733_mask.png
652883,train,train/652883_sat.jpg,train/652883_mask.png
654770,train,train/654770_sat.jpg,train/654770_mask.png
655313,train,train/655313_sat.jpg,train/655313_mask.png
659953,train,train/659953_sat.jpg,train/659953_mask.png
660069,train,train/660069_sat.jpg,train/660069_mask.png
660933,train,train/660933_sat.jpg,train/660933_mask.png
661864,train,train/661864_sat.jpg,train/661864_mask.png
66344,train,train/66344_sat.jpg,train/66344_mask.png
664140,train,train/664140_sat.jpg,train/664140_mask.png
664396,train,train/664396_sat.jpg,train/664396_mask.png
665914,train,train/665914_sat.jpg,train/665914_mask.png
668465,train,train/668465_sat.jpg,train/668465_mask.png
669010,train,train/669010_sat.jpg,train/669010_mask.png
669156,train,train/669156_sat.jpg,train/669156_mask.png
669779,train,train/669779_sat.jpg,train/669779_mask.png
671164,train,train/671164_sat.jpg,train/671164_mask.png
672041,train,train/672041_sat.jpg,train/672041_mask.png
672823,train,train/672823_sat.jpg,train/672823_mask.png
673927,train,train/673927_sat.jpg,train/673927_mask.png
675424,train,train/675424_sat.jpg,train/675424_mask.png
675849,train,train/675849_sat.jpg,train/675849_mask.png
676758,train,train/676758_sat.jpg,train/676758_mask.png
678520,train,train/678520_sat.jpg,train/678520_mask.png
679036,train,train/679036_sat.jpg,train/679036_mask.png
679507,train,train/679507_sat.jpg,train/679507_mask.png
68078,train,train/68078_sat.jpg,train/68078_mask.png
682046,train,train/682046_sat.jpg,train/682046_mask.png
682688,train,train/682688_sat.jpg,train/682688_mask.png
682949,train,train/682949_sat.jpg,train/682949_mask.png
684377,train,train/684377_sat.jpg,train/684377_mask.png
686781,train,train/686781_sat.jpg,train/686781_mask.png
688544,train,train/688544_sat.jpg,train/688544_mask.png
691384,train,train/691384_sat.jpg,train/691384_mask.png
692004,train,train/692004_sat.jpg,train/692004_mask.png
692982,train,train/692982_sat.jpg,train/692982_mask.png
695475,train,train/695475_sat.jpg,train/695475_mask.png
696257,train,train/696257_sat.jpg,train/696257_mask.png
69628,train,train/69628_sat.jpg,train/69628_mask.png
698065,train,train/698065_sat.jpg,train/698065_mask.png
698628,train,train/698628_sat.jpg,train/698628_mask.png
699650,train,train/699650_sat.jpg,train/699650_mask.png
702918,train,train/702918_sat.jpg,train/702918_mask.png
703413,train,train/703413_sat.jpg,train/703413_mask.png
705728,train,train/705728_sat.jpg,train/705728_mask.png
706996,train,train/706996_sat.jpg,train/706996_mask.png
707319,train,train/707319_sat.jpg,train/707319_mask.png
708527,train,train/708527_sat.jpg,train/708527_mask.png
708588,train,train/708588_sat.jpg,train/708588_mask.png
71125,train,train/71125_sat.jpg,train/71125_mask.png
711893,train,train/711893_sat.jpg,train/711893_mask.png
713813,train,train/713813_sat.jpg,train/713813_mask.png
714414,train,train/714414_sat.jpg,train/714414_mask.png
715633,train,train/715633_sat.jpg,train/715633_mask.png
715846,train,train/715846_sat.jpg,train/715846_mask.png
71619,train,train/71619_sat.jpg,train/71619_mask.png
717225,train,train/717225_sat.jpg,train/717225_mask.png
723067,train,train/723067_sat.jpg,train/723067_mask.png
723719,train,train/723719_sat.jpg,train/723719_mask.png
725646,train,train/725646_sat.jpg,train/725646_mask.png
726265,train,train/726265_sat.jpg,train/726265_mask.png
727832,train,train/727832_sat.jpg,train/727832_mask.png
72807,train,train/72807_sat.jpg,train/72807_mask.png
728521,train,train/728521_sat.jpg,train/728521_mask.png
730821,train,train/730821_sat.jpg,train/730821_mask.png
730889,train,train/730889_sat.jpg,train/730889_mask.png
732669,train,train/732669_sat.jpg,train/732669_mask.png
733758,train,train/733758_sat.jpg,train/733758_mask.png
736869,train,train/736869_sat.jpg,train/736869_mask.png
736933,train,train/736933_sat.jpg,train/736933_mask.png
739122,train,train/739122_sat.jpg,train/739122_mask.png
739760,train,train/739760_sat.jpg,train/739760_mask.png
740937,train,train/740937_sat.jpg,train/740937_mask.png
741105,train,train/741105_sat.jpg,train/741105_mask.png
747824,train,train/747824_sat.jpg,train/747824_mask.png
748225,train,train/748225_sat.jpg,train/748225_mask.png
749375,train,train/749375_sat.jpg,train/749375_mask.png
749523,train,train/749523_sat.jpg,train/749523_mask.png
751939,train,train/751939_sat.jpg,train/751939_mask.png
753408,train,train/753408_sat.jpg,train/753408_mask.png
755453,train,train/755453_sat.jpg,train/755453_mask.png
757745,train,train/757745_sat.jpg,train/757745_mask.png
759668,train,train/759668_sat.jpg,train/759668_mask.png
759855,train,train/759855_sat.jpg,train/759855_mask.png
761189,train,train/761189_sat.jpg,train/761189_mask.png
762359,train,train/762359_sat.jpg,train/762359_mask.png
762470,train,train/762470_sat.jpg,train/762470_mask.png
762937,train,train/762937_sat.jpg,train/762937_mask.png
763075,train,train/763075_sat.jpg,train/763075_mask.png
763892,train,train/763892_sat.jpg,train/763892_mask.png
765792,train,train/765792_sat.jpg,train/765792_mask.png
767012,train,train/767012_sat.jpg,train/767012_mask.png
76759,train,train/76759_sat.jpg,train/76759_mask.png
768475,train,train/768475_sat.jpg,train/768475_mask.png
771393,train,train/771393_sat.jpg,train/771393_mask.png
772130,train,train/772130_sat.jpg,train/772130_mask.png
772144,train,train/772144_sat.jpg,train/772144_mask.png
772452,train,train/772452_sat.jpg,train/772452_mask.png
772567,train,train/772567_sat.jpg,train/772567_mask.png
77388,train,train/77388_sat.jpg,train/77388_mask.png
774779,train,train/774779_sat.jpg,train/774779_mask.png
775304,train,train/775304_sat.jpg,train/775304_mask.png
77669,train,train/77669_sat.jpg,train/77669_mask.png
777185,train,train/777185_sat.jpg,train/777185_mask.png
778804,train,train/778804_sat.jpg,train/778804_mask.png
7791,train,train/7791_sat.jpg,train/7791_mask.png
782103,train,train/782103_sat.jpg,train/782103_mask.png
78298,train,train/78298_sat.jpg,train/78298_mask.png
784140,train,train/784140_sat.jpg,train/784140_mask.png
78430,train,train/78430_sat.jpg,train/78430_mask.png
784518,train,train/784518_sat.jpg,train/784518_mask.png
786226,train,train/786226_sat.jpg,train/786226_mask.png
7892,train,train/7892_sat.jpg,train/7892_mask.png
79049,train,train/79049_sat.jpg,train/79049_mask.png
7906,train,train/7906_sat.jpg,train/7906_mask.png
794214,train,train/794214_sat.jpg,train/794214_mask.png
798411,train,train/798411_sat.jpg,train/798411_mask.png
799523,train,train/799523_sat.jpg,train/799523_mask.png
801361,train,train/801361_sat.jpg,train/801361_mask.png
802645,train,train/802645_sat.jpg,train/802645_mask.png
80318,train,train/80318_sat.jpg,train/80318_mask.png
803958,train,train/803958_sat.jpg,train/803958_mask.png
805150,train,train/805150_sat.jpg,train/805150_mask.png
806805,train,train/806805_sat.jpg,train/806805_mask.png
807146,train,train/807146_sat.jpg,train/807146_mask.png
80808,train,train/80808_sat.jpg,train/80808_mask.png
808980,train,train/808980_sat.jpg,train/808980_mask.png
81011,train,train/81011_sat.jpg,train/81011_mask.png
810368,train,train/810368_sat.jpg,train/810368_mask.png
81039,train,train/81039_sat.jpg,train/81039_mask.png
810749,train,train/810749_sat.jpg,train/810749_mask.png
811075,train,train/811075_sat.jpg,train/811075_mask.png
818254,train,train/818254_sat.jpg,train/818254_mask.png
819442,train,train/819442_sat.jpg,train/819442_mask.png
820347,train,train/820347_sat.jpg,train/820347_mask.png
820543,train,train/820543_sat.jpg,train/820543_mask.png
825592,train,train/825592_sat.jpg,train/825592_mask.png
825816,train,train/825816_sat.jpg,train/825816_mask.png
827126,train,train/827126_sat.jpg,train/827126_mask.png
828684,train,train/828684_sat.jpg,train/828684_mask.png
829962,train,train/829962_sat.jpg,train/829962_mask.png
830444,train,train/830444_sat.jpg,train/830444_mask.png
831146,train,train/831146_sat.jpg,train/831146_mask.png
834433,train,train/834433_sat.jpg,train/834433_mask.png
834900,train,train/834900_sat.jpg,train/834900_mask.png
835147,train,train/835147_sat.jpg,train/835147_mask.png
838669,train,train/838669_sat.jpg,train/838669_mask.png
838873,train,train/838873_sat.jpg,train/838873_mask.png
839012,train,train/839012_sat.jpg,train/839012_mask.png
839641,train,train/839641_sat.jpg,train/839641_mask.png
841286,train,train/841286_sat.jpg,train/841286_mask.png
841404,train,train/841404_sat.jpg,train/841404_mask.png
841621,train,train/841621_sat.jpg,train/841621_mask.png
842556,train,train/842556_sat.jpg,train/842556_mask.png
845069,train,train/845069_sat.jpg,train/845069_mask.png
847604,train,train/847604_sat.jpg,train/847604_mask.png
848649,train,train/848649_sat.jpg,train/848649_mask.png
848728,train,train/848728_sat.jpg,train/848728_mask.png
848780,train,train/848780_sat.jpg,train/848780_mask.png
849797,train,train/849797_sat.jpg,train/849797_mask.png
850510,train,train/850510_sat.jpg,train/850510_mask.png
853702,train,train/853702_sat.jpg,train/853702_mask.png
855,train,train/855_sat.jpg,train/855_mask.png
857201,train,train/857201_sat.jpg,train/857201_mask.png
858771,train,train/858771_sat.jpg,train/858771_mask.png
860326,train,train/860326_sat.jpg,train/860326_mask.png
861353,train,train/861353_sat.jpg,train/861353_mask.png
864488,train,train/864488_sat.jpg,train/864488_mask.png
866782,train,train/866782_sat.jpg,train/866782_mask.png
867017,train,train/867017_sat.jpg,train/867017_mask.png
867349,train,train/867349_sat.jpg,train/867349_mask.png
867983,train,train/867983_sat.jpg,train/867983_mask.png
868003,train,train/868003_sat.jpg,train/868003_mask.png
86805,train,train/86805_sat.jpg,train/86805_mask.png
870705,train,train/870705_sat.jpg,train/870705_mask.png
873132,train,train/873132_sat.jpg,train/873132_mask.png
875327,train,train/875327_sat.jpg,train/875327_mask.png
875328,train,train/875328_sat.jpg,train/875328_mask.png
875409,train,train/875409_sat.jpg,train/875409_mask.png
876248,train,train/876248_sat.jpg,train/876248_mask.png
877160,train,train/877160_sat.jpg,train/877160_mask.png
878990,train,train/878990_sat.jpg,train/878990_mask.png
880610,train,train/880610_sat.jpg,train/880610_mask.png
882451,train,train/882451_sat.jpg,train/882451_mask.png
88571,train,train/88571_sat.jpg,train/88571_mask.png
888263,train,train/888263_sat.jpg,train/888263_mask.png
888343,train,train/888343_sat.jpg,train/888343_mask.png
889145,train,train/889145_sat.jpg,train/889145_mask.png
889920,train,train/889920_sat.jpg,train/889920_mask.png
890145,train,train/890145_sat.jpg,train/890145_mask.png
891153,train,train/891153_sat.jpg,train/891153_mask.png
893261,train,train/893261_sat.jpg,train/893261_mask.png
893651,train,train/893651_sat.jpg,train/893651_mask.png
893904,train,train/893904_sat.jpg,train/893904_mask.png
895509,train,train/895509_sat.jpg,train/895509_mask.png
897901,train,train/897901_sat.jpg,train/897901_mask.png
898741,train,train/898741_sat.jpg,train/898741_mask.png
899693,train,train/899693_sat.jpg,train/899693_mask.png
900985,train,train/900985_sat.jpg,train/900985_mask.png
901715,train,train/901715_sat.jpg,train/901715_mask.png
902350,train,train/902350_sat.jpg,train/902350_mask.png
903649,train,train/903649_sat.jpg,train/903649_mask.png
904606,train,train/904606_sat.jpg,train/904606_mask.png
906113,train,train/906113_sat.jpg,train/906113_mask.png
908837,train,train/908837_sat.jpg,train/908837_mask.png
910525,train,train/910525_sat.jpg,train/910525_mask.png
911457,train,train/911457_sat.jpg,train/911457_mask.png
912087,train,train/912087_sat.jpg,train/912087_mask.png
912620,train,train/912620_sat.jpg,train/912620_mask.png
914008,train,train/914008_sat.jpg,train/914008_mask.png
916141,train,train/916141_sat.jpg,train/916141_mask.png
916336,train,train/916336_sat.jpg,train/916336_mask.png
916518,train,train/916518_sat.jpg,train/916518_mask.png
917081,train,train/917081_sat.jpg,train/917081_mask.png
918105,train,train/918105_sat.jpg,train/918105_mask.png
918446,train,train/918446_sat.jpg,train/918446_mask.png
919051,train,train/919051_sat.jpg,train/919051_mask.png
919602,train,train/919602_sat.jpg,train/919602_mask.png
923223,train,train/923223_sat.jpg,train/923223_mask.png
923618,train,train/923618_sat.jpg,train/923618_mask.png
924236,train,train/924236_sat.jpg,train/924236_mask.png
925382,train,train/925382_sat.jpg,train/925382_mask.png
925425,train,train/925425_sat.jpg,train/925425_mask.png
926392,train,train/926392_sat.jpg,train/926392_mask.png
927126,train,train/927126_sat.jpg,train/927126_mask.png
927644,train,train/927644_sat.jpg,train/927644_mask.png
930028,train,train/930028_sat.jpg,train/930028_mask.png
930491,train,train/930491_sat.jpg,train/930491_mask.png
934795,train,train/934795_sat.jpg,train/934795_mask.png
935193,train,train/935193_sat.jpg,train/935193_mask.png
935318,train,train/935318_sat.jpg,train/935318_mask.png
937922,train,train/937922_sat.jpg,train/937922_mask.png
939614,train,train/939614_sat.jpg,train/939614_mask.png
940229,train,train/940229_sat.jpg,train/940229_mask.png
941237,train,train/941237_sat.jpg,train/941237_mask.png
942307,train,train/942307_sat.jpg,train/942307_mask.png
942594,train,train/942594_sat.jpg,train/942594_mask.png
942986,train,train/942986_sat.jpg,train/942986_mask.png
943463,train,train/943463_sat.jpg,train/943463_mask.png
943943,train,train/943943_sat.jpg,train/943943_mask.png
946386,train,train/946386_sat.jpg,train/946386_mask.png
946408,train,train/946408_sat.jpg,train/946408_mask.png
946475,train,train/946475_sat.jpg,train/946475_mask.png
947994,train,train/947994_sat.jpg,train/947994_mask.png
949235,train,train/949235_sat.jpg,train/949235_mask.png
949559,train,train/949559_sat.jpg,train/949559_mask.png
950926,train,train/950926_sat.jpg,train/950926_mask.png
951120,train,train/951120_sat.jpg,train/951120_mask.png
952430,train,train/952430_sat.jpg,train/952430_mask.png
954552,train,train/954552_sat.jpg,train/954552_mask.png
95613,train,train/95613_sat.jpg,train/95613_mask.png
956410,train,train/956410_sat.jpg,train/956410_mask.png
95683,train,train/95683_sat.jpg,train/95683_mask.png
956928,train,train/956928_sat.jpg,train/956928_mask.png
958243,train,train/958243_sat.jpg,train/958243_mask.png
958443,train,train/958443_sat.jpg,train/958443_mask.png
95863,train,train/95863_sat.jpg,train/95863_mask.png
961407,train,train/961407_sat.jpg,train/961407_mask.png
961919,train,train/961919_sat.jpg,train/961919_mask.png
965276,train,train/965276_sat.jpg,train/965276_mask.png
965977,train,train/965977_sat.jpg,train/965977_mask.png
967818,train,train/967818_sat.jpg,train/967818_mask.png
96841,train,train/96841_sat.jpg,train/96841_mask.png
96870,train,train/96870_sat.jpg,train/96870_mask.png
969934,train,train/969934_sat.jpg,train/969934_mask.png
970925,train,train/970925_sat.jpg,train/970925_mask.png
971880,train,train/971880_sat.jpg,train/971880_mask.png
97337,train,train/97337_sat.jpg,train/97337_mask.png
978039,train,train/978039_sat.jpg,train/978039_mask.png
981253,train,train/981253_sat.jpg,train/981253_mask.png
98150,train,train/98150_sat.jpg,train/98150_mask.png
981852,train,train/981852_sat.jpg,train/981852_mask.png
982744,train,train/982744_sat.jpg,train/982744_mask.png
983603,train,train/983603_sat.jpg,train/983603_mask.png
986342,train,train/986342_sat.jpg,train/986342_mask.png
987079,train,train/987079_sat.jpg,train/987079_mask.png
987381,train,train/987381_sat.jpg,train/987381_mask.png
987427,train,train/987427_sat.jpg,train/987427_mask.png
988517,train,train/988517_sat.jpg,train/988517_mask.png
989499,train,train/989499_sat.jpg,train/989499_mask.png
990573,train,train/990573_sat.jpg,train/990573_mask.png
990617,train,train/990617_sat.jpg,train/990617_mask.png
990619,train,train/990619_sat.jpg,train/990619_mask.png
991758,train,train/991758_sat.jpg,train/991758_mask.png
992507,train,train/992507_sat.jpg,train/992507_mask.png
994520,train,train/994520_sat.jpg,train/994520_mask.png
995492,train,train/995492_sat.jpg,train/995492_mask.png
997521,train,train/997521_sat.jpg,train/997521_mask.png
998002,train,train/998002_sat.jpg,train/998002_mask.png
105036,valid,valid/105036_sat.jpg,
107780,valid,valid/107780_sat.jpg,
108490,valid,valid/108490_sat.jpg,
127801,valid,valid/127801_sat.jpg,
128240,valid,valid/128240_sat.jpg,
136762,valid,valid/136762_sat.jpg,
137214,valid,valid/137214_sat.jpg,
140860,valid,valid/140860_sat.jpg,
146552,valid,valid/146552_sat.jpg,
156866,valid,valid/156866_sat.jpg,
160953,valid,valid/160953_sat.jpg,
164811,valid,valid/164811_sat.jpg,
17510,valid,valid/17510_sat.jpg,
17739,valid,valid/17739_sat.jpg,
180461,valid,valid/180461_sat.jpg,
184511,valid,valid/184511_sat.jpg,
188078,valid,valid/188078_sat.jpg,
190520,valid,valid/190520_sat.jpg,
192558,valid,valid/192558_sat.jpg,
198275,valid,valid/198275_sat.jpg,
200199,valid,valid/200199_sat.jpg,
200528,valid,valid/200528_sat.jpg,
212096,valid,valid/212096_sat.jpg,
220268,valid,valid/220268_sat.jpg,
226953,valid,valid/226953_sat.jpg,
229399,valid,valid/229399_sat.jpg,
234364,valid,valid/234364_sat.jpg,
245649,valid,valid/245649_sat.jpg,
251219,valid,valid/251219_sat.jpg,
259219,valid,valid/259219_sat.jpg,
262504,valid,valid/262504_sat.jpg,
263826,valid,valid/263826_sat.jpg,
269099,valid,valid/269099_sat.jpg,
288131,valid,valid/288131_sat.jpg,
290582,valid,valid/290582_sat.jpg,
29694,valid,valid/29694_sat.jpg,
323588,valid,valid/323588_sat.jpg,
330823,valid,valid/330823_sat.jpg,
332557,valid,valid/332557_sat.jpg,
333990,valid,valid/333990_sat.jpg,
340543,valid,valid/340543_sat.jpg,
358097,valid,valid/358097_sat.jpg,
360483,valid,valid/360483_sat.jpg,
385534,valid,valid/385534_sat.jpg,
386892,valid,valid/386892_sat.jpg,
386993,valid,valid/386993_sat.jpg,
388260,valid,valid/388260_sat.jpg,
392604,valid,valid/392604_sat.jpg,
393509,valid,valid/393509_sat.jpg,
395400,valid,valid/395400_sat.jpg,
409953,valid,valid/409953_sat.jpg,
410949,valid,valid/410949_sat.jpg,
411176,valid,valid/411176_sat.jpg,
41687,valid,valid/41687_sat.jpg,
421783,valid,valid/421783_sat.jpg,
433903,valid,valid/433903_sat.jpg,
442420,valid,valid/442420_sat.jpg,
443525,valid,valid/443525_sat.jpg,
448385,valid,valid/448385_sat.jpg,
452469,valid,valid/452469_sat.jpg,
456386,valid,valid/456386_sat.jpg,
457244,valid,valid/457244_sat.jpg,
461861,valid,valid/461861_sat.jpg,
463976,valid,valid/463976_sat.jpg,
470711,valid,valid/470711_sat.jpg,
480616,valid,valid/480616_sat.jpg,
482930,valid,valid/482930_sat.jpg,
490706,valid,valid/490706_sat.jpg,
492514,valid,valid/492514_sat.jpg,
493398,valid,valid/493398_sat.jpg,
496725,valid,valid/496725_sat.jpg,
499932,valid,valid/499932_sat.jpg,
501162,valid,valid/501162_sat.jpg,
509523,valid,valid/509523_sat.jpg,
512331,valid,valid/512331_sat.jpg,
515578,valid,valid/515578_sat.jpg,
519596,valid,valid/519596_sat.jpg,
521804,valid,valid/521804_sat.jpg,
525158,valid,valid/525158_sat.jpg,
537140,valid,valid/537140_sat.jpg,
538959,valid,valid/538959_sat.jpg,
540125,valid,valid/540125_sat.jpg,
541127,valid,valid/541127_sat.jpg,
541237,valid,valid/541237_sat.jpg,
543106,valid,valid/543106_sat.jpg,
549550,valid,valid/549550_sat.jpg,
550979,valid,valid/550979_sat.jpg,
551291,valid,valid/551291_sat.jpg,
553387,valid,valid/553387_sat.jpg,
561221,valid,valid/561221_sat.jpg,
565007,valid,valid/565007_sat.jpg,
570277,valid,valid/570277_sat.jpg,
57280,valid,valid/57280_sat.jpg,
573103,valid,valid/573103_sat.jpg,
579026,valid,valid/579026_sat.jpg,
584805,valid,valid/584805_sat.jpg,
58687,valid,valid/58687_sat.jpg,
590876,valid,valid/590876_sat.jpg,
597724,valid,valid/597724_sat.jpg,
609620,valid,valid/609620_sat.jpg,
621321,valid,valid/621321_sat.jpg,
626585,valid,valid/626585_sat.jpg,
628101,valid,valid/628101_sat.jpg,
637614,valid,valid/637614_sat.jpg,
647277,valid,valid/647277_sat.jpg,
650401,valid,valid/650401_sat.jpg,
650747,valid,valid/650747_sat.jpg,
651633,valid,valid/651633_sat.jpg,
667266,valid,valid/667266_sat.jpg,
671274,valid,valid/671274_sat.jpg,
6783,valid,valid/6783_sat.jpg,
686345,valid,valid/686345_sat.jpg,
687972,valid,valid/687972_sat.jpg,
688045,valid,valid/688045_sat.jpg,
69582,valid,valid/69582_sat.jpg,
70587,valid,valid/70587_sat.jpg,
706496,valid,valid/706496_sat.jpg,
708789,valid,valid/708789_sat.jpg,
70946,valid,valid/70946_sat.jpg,
721337,valid,valid/721337_sat.jpg,
739296,valid,valid/739296_sat.jpg,
739567,valid,valid/739567_sat.jpg,
740499,valid,valid/740499_sat.jpg,
745310,valid,valid/745310_sat.jpg,
758010,valid,valid/758010_sat.jpg,
761391,valid,valid/761391_sat.jpg,
76568,valid,valid/76568_sat.jpg,
770447,valid,valid/770447_sat.jpg,
782851,valid,valid/782851_sat.jpg,
783813,valid,valid/783813_sat.jpg,
784177,valid,valid/784177_sat.jpg,
808681,valid,valid/808681_sat.jpg,
812112,valid,valid/812112_sat.jpg,
814739,valid,valid/814739_sat.jpg,
823133,valid,valid/823133_sat.jpg,
826290,valid,valid/826290_sat.jpg,
827386,valid,valid/827386_sat.jpg,
828590,valid,valid/828590_sat.jpg,
8285,valid,valid/8285_sat.jpg,
83235,valid,valid/83235_sat.jpg,
84186,valid,valid/84186_sat.jpg,
842772,valid,valid/842772_sat.jpg,
846173,valid,valid/846173_sat.jpg,
847543,valid,valid/847543_sat.jpg,
851493,valid,valid/851493_sat.jpg,
861233,valid,valid/861233_sat.jpg,
867030,valid,valid/867030_sat.jpg,
870832,valid,valid/870832_sat.jpg,
878219,valid,valid/878219_sat.jpg,
890141,valid,valid/890141_sat.jpg,
890309,valid,valid/890309_sat.jpg,
893619,valid,valid/893619_sat.jpg,
895755,valid,valid/895755_sat.jpg,
901585,valid,valid/901585_sat.jpg,
905310,valid,valid/905310_sat.jpg,
92653,valid,valid/92653_sat.jpg,
929355,valid,valid/929355_sat.jpg,
941920,valid,valid/941920_sat.jpg,
943073,valid,valid/943073_sat.jpg,
945482,valid,valid/945482_sat.jpg,
952345,valid,valid/952345_sat.jpg,
95483,valid,valid/95483_sat.jpg,
957441,valid,valid/957441_sat.jpg,
959556,valid,valid/959556_sat.jpg,
965410,valid,valid/965410_sat.jpg,
969557,valid,valid/969557_sat.jpg,
972516,valid,valid/972516_sat.jpg,
980625,valid,valid/980625_sat.jpg,
984098,valid,valid/984098_sat.jpg,
99299,valid,valid/99299_sat.jpg,
998699,valid,valid/998699_sat.jpg,
100877,test,test/100877_sat.jpg,
103215,test,test/103215_sat.jpg,
103742,test,test/103742_sat.jpg,
110224,test,test/110224_sat.jpg,
112946,test,test/112946_sat.jpg,
114542,test,test/114542_sat.jpg,
115800,test,test/115800_sat.jpg,
118757,test,test/118757_sat.jpg,
119896,test,test/119896_sat.jpg,
120939,test,test/120939_sat.jpg,
121151,test,test/121151_sat.jpg,
123976,test,test/123976_sat.jpg,
125014,test,test/125014_sat.jpg,
133160,test,test/133160_sat.jpg,
134874,test,test/134874_sat.jpg,
14397,test,test/14397_sat.jpg,
1499,test,test/1499_sat.jpg,
157550,test,test/157550_sat.jpg,
159696,test,test/159696_sat.jpg,
162964,test,test/162964_sat.jpg,
168870,test,test/168870_sat.jpg,
169788,test,test/169788_sat.jpg,
172318,test,test/172318_sat.jpg,
17557,test,test/17557_sat.jpg,
181781,test,test/181781_sat.jpg,
186618,test,test/186618_sat.jpg,
191568,test,test/191568_sat.jpg,
195553,test,test/195553_sat.jpg,
19849,test,test/19849_sat.jpg,
201966,test,test/201966_sat.jpg,
209073,test,test/209073_sat.jpg,
215115,test,test/215115_sat.jpg,
220639,test,test/220639_sat.jpg,
223515,test,test/223515_sat.jpg,
22767,test,test/22767_sat.jpg,
232937,test,test/232937_sat.jpg,
23458,test,test/23458_sat.jpg,
239105,test,test/239105_sat.jpg,
242236,test,test/242236_sat.jpg,
248389,test,test/248389_sat.jpg,
249223,test,test/249223_sat.jpg,
24942,test,test/24942_sat.jpg,
261342,test,test/261342_sat.jpg,
267597,test,test/267597_sat.jpg,
267766,test,test/267766_sat.jpg,
26961,test,test/26961_sat.jpg,
279113,test,test/279113_sat.jpg,
287212,test,test/287212_sat.jpg,
288127,test,test/288127_sat.jpg,
289091,test,test/289091_sat.jpg,
289739,test,test/289739_sat.jpg,
290880,test,test/290880_sat.jpg,
292369,test,test/292369_sat.jpg,
297322,test,test/297322_sat.jpg,
298618,test,test/298618_sat.jpg,
298983,test,test/298983_sat.jpg,
303408,test,test/303408_sat.jpg,
309684,test,test/309684_sat.jpg,
310677,test,test/310677_sat.jpg,
319048,test,test/319048_sat.jpg,
321981,test,test/321981_sat.jpg,
32207,test,test/32207_sat.jpg,
32259,test,test/32259_sat.jpg,
337870,test,test/337870_sat.jpg,
353620,test,test/353620_sat.jpg,
357635,test,test/357635_sat.jpg,
361109,test,test/361109_sat.jpg,
362111,test,test/362111_sat.jpg,
365945,test,test/365945_sat.jpg,
371561,test,test/371561_sat.jpg,
378811,test,test/378811_sat.jpg,
391840,test,test/391840_sat.jpg,
393418,test,test/393418_sat.jpg,
394246,test,test/394246_sat.jpg,
39911,test,test/39911_sat.jpg,
405026,test,test/405026_sat.jpg,
4102,test,test/4102_sat.jpg,
422342,test,test/422342_sat.jpg,
430722,test,test/430722_sat.jpg,
431226,test,test/431226_sat.jpg,
431394,test,test/431394_sat.jpg,
440529,test,test/440529_sat.jpg,
452523,test,test/452523_sat.jpg,
45760,test,test/45760_sat.jpg,
468917,test,test/468917_sat.jpg,
472766,test,test/472766_sat.jpg,
477322,test,test/477322_sat.jpg,
479064,test,test/479064_sat.jpg,
491193,test,test/491193_sat.jpg,
49821,test,test/49821_sat.jpg,
500189,test,test/500189_sat.jpg,
504690,test,test/504690_sat.jpg,
531070,test,test/531070_sat.jpg,
531078,test,test/531078_sat.jpg,
534435,test,test/534435_sat.jpg,
537287,test,test/537287_sat.jpg,
542410,test,test/542410_sat.jpg,
552864,test,test/552864_sat.jpg,
558197,test,test/558197_sat.jpg,
558633,test,test/558633_sat.jpg,
560483,test,test/560483_sat.jpg,
565696,test,test/565696_sat.jpg,
565912,test,test/565912_sat.jpg,
585501,test,test/585501_sat.jpg,
585772,test,test/585772_sat.jpg,
61081,test,test/61081_sat.jpg,
61908,test,test/61908_sat.jpg,
61925,test,test/61925_sat.jpg,
623641,test,test/623641_sat.jpg,
635741,test,test/635741_sat.jpg,
6390,test,test/6390_sat.jpg,
647782,test,test/647782_sat.jpg,
64818,test,test/64818_sat.jpg,
650673,test,test/650673_sat.jpg,
6520,test,test/6520_sat.jpg,
654835,test,test/654835_sat.jpg,
666005,test,test/666005_sat.jpg,
668404,test,test/668404_sat.jpg,
670957,test,test/670957_sat.jpg,
673880,test,test/673880_sat.jpg,
688643,test,test/688643_sat.jpg,
688913,test,test/688913_sat.jpg,
68933,test,test/68933_sat.jpg,
69364,test,test/69364_sat.jpg,
699598,test,test/699598_sat.jpg,
713678,test,test/713678_sat.jpg,
721655,test,test/721655_sat.jpg,
727280,test,test/727280_sat.jpg,
755517,test,test/755517_sat.jpg,
758939,test,test/758939_sat.jpg,
770651,test,test/770651_sat.jpg,
779212,test,test/779212_sat.jpg,
780313,test,test/780313_sat.jpg,
782061,test,test/782061_sat.jpg,
789894,test,test/789894_sat.jpg,
793841,test,test/793841_sat.jpg,
794061,test,test/794061_sat.jpg,
795930,test,test/795930_sat.jpg,
796388,test,test/796388_sat.jpg,
801733,test,test/801733_sat.jpg,
802551,test,test/802551_sat.jpg,
803525,test,test/803525_sat.jpg,
805304,test,test/805304_sat.jpg,
809358,test,test/809358_sat.jpg,
810262,test,test/810262_sat.jpg,
818398,test,test/818398_sat.jpg,
827039,test,test/827039_sat.jpg,
830493,test,test/830493_sat.jpg,
83692,test,test/83692_sat.jpg,
85922,test,test/85922_sat.jpg,
8711,test,test/8711_sat.jpg,
874750,test,test/874750_sat.jpg,
880341,test,test/880341_sat.jpg,
882829,test,test/882829_sat.jpg,
886062,test,test/886062_sat.jpg,
896504,test,test/896504_sat.jpg,
89743,test,test/89743_sat.jpg,
899801,test,test/899801_sat.jpg,
917164,test,test/917164_sat.jpg,
926551,test,test/926551_sat.jpg,
929526,test,test/929526_sat.jpg,
950645,test,test/950645_sat.jpg,
958951,test,test/958951_sat.jpg,
965677,test,test/965677_sat.jpg,
972712,test,test/972712_sat.jpg,
977392,test,test/977392_sat.jpg,
977742,test,test/977742_sat.jpg,
979233,test,test/979233_sat.jpg,
983689,test,test/983689_sat.jpg,
988205,test,test/988205_sat.jpg,
989953,test,test/989953_sat.jpg,
999380,test,test/999380_sat.jpg,
